cost_ratio,scenarios,mean_relative_benefit,median_relative_benefit,pct_material_5pct,pct_material_10pct,mean_oracle_threshold,mean_service_gain,mean_stockout_reduction
1.0,96,-1.2966059565174627e-05,-4.0786301004207195e-05,0.0,0.0,0.46875,1.287045796799502e-06,9.79166666666685e-05
5.0,96,0.000465190551915156,0.00010269853187727058,0.0,0.0,2.2395833333333335,0.0003322182326428921,0.0009895833333333339
10.0,96,0.010571302496710802,0.0035543323043293754,0.020833333333333332,0.0,16.822916666666668,0.001386481090569688,0.015189583333333328
25.0,96,0.041751899609789526,0.029538439095051314,0.3958333333333333,0.125,32.8125,0.001704336314214885,0.0289625
50.0,96,0.0676467605470513,0.06393822625098144,0.5729166666666666,0.34375,37.5,0.001733455567256667,0.03115
100.0,96,0.09418402552417944,0.10439056371251935,0.6666666666666666,0.5208333333333334,41.145833333333336,0.0017575323343357295,0.03302708333333334
